{"psnr": 12.717638667685238, "loss": 0.053485509008169174, "epoch": 1, "_timestamp": 1700074760.1619632, "_runtime": 569.3091793060303, "_step": 152, "_wandb": {"runtime": 418}}