{"psnr": 12.883722186470553, "loss": 0.05147872492671013, "epoch": 1, "_timestamp": 1700075762.8000185, "_runtime": 490.18660259246826, "_step": 138, "_wandb": {"runtime": 413}}