{"psnr": 18.481097522021372, "loss": 0.014186989516019821, "epoch": 176, "_timestamp": 1700075236.222419, "_runtime": 461.17143392562866, "_step": 176, "_wandb": {"runtime": 450}}