{"psnr": 6.562423944179012, "loss": 0.22067727148532867, "epoch": 1, "_timestamp": 1700030617.5163364, "_runtime": 272.3615355491638, "_step": 10466, "_wandb": {"runtime": 245}}