{"psnr": 16.175715674241967, "loss": 0.02412283979356289, "epoch": 99, "_timestamp": 1700075909.0564198, "_runtime": 131.9733407497406, "_step": 99, "_wandb": {"runtime": 145}}