{"psnr": 23.66185752949596, "loss": 0.004303425084799528, "epoch": 999, "_timestamp": 1700079244.8816319, "_runtime": 3249.364938735962, "_step": 999, "_wandb": {"runtime": 3478}}