{"psnr": 23.617140879547435, "loss": 0.004347963724285364, "epoch": 999, "_timestamp": 1700034964.5385475, "_runtime": 2745.9707794189453, "_step": 1049}