{"psnr": 12.21960865429789, "loss": 0.059984512627124786, "epoch": 2, "_timestamp": 1700074108.1484902, "_runtime": 233.333003282547, "_step": 102, "_wandb": {"runtime": 144}}