{"psnr": 27.581872969511195, "loss": 0.0017450693994760513, "epoch": 0, "_timestamp": 1700028763.087113, "_runtime": 242.72772097587585, "_step": 8325, "_wandb": {"runtime": 302}}