{"psnr": 27.79694060667999, "loss": 0.0016607564175501466, "epoch": 0, "_timestamp": 1700028502.446353, "_runtime": 842.7110710144043, "_step": 12372, "_wandb": {"runtime": 488}}